{
    "CoT-test.py": [
        250,
        11.363636363636363,
        [
            8,
            15,
            8,
            9,
            9,
            16,
            16,
            16,
            16,
            16,
            7,
            10,
            15,
            16,
            21,
            9,
            8,
            10,
            16,
            9
        ],
        [
            45.98046875,
            42.19921875,
            34.69140625,
            42.26953125,
            44.38671875,
            43.75390625,
            27.37890625,
            36.99609375,
            42.09765625,
            29.30859375,
            23.91015625,
            69.12109375,
            29.44140625,
            32.95703125,
            41.16796875,
            27.30859375,
            27.64453125,
            23.34765625,
            38.95703125,
            48.38671875
        ],
        [
            10004.681332036853,
            10004.662877414376,
            10003.688458353281,
            10003.208002075553,
            10005.441417451948,
            10002.433042041957,
            10001.244542654604,
            10001.99854047969,
            10005.46091934666,
            10003.70633462444,
            10002.611249685287,
            10001.930957194418,
            10004.296208266169,
            10005.156169645488,
            10005.558502860367,
            10003.301914781332,
            10004.674334079027,
            0.35783741623163223,
            10004.7562927939,
            10002.974251285195
        ]
    ],
    "iterations": 23,
    "Pers-test.py": [
        148,
        6.434782608695652,
        [
            4,
            8,
            4,
            8,
            6,
            10,
            8,
            9,
            9,
            9,
            3,
            8,
            8,
            9,
            18,
            6,
            4,
            1,
            10,
            6
        ],
        [
            35.9443359375,
            26.4453125,
            22.0546875,
            26.0390625,
            26.75,
            29.0078125,
            16.890625,
            23.046875,
            25.2109375,
            17.7734375,
            13.875,
            40.75,
            16.6484375,
            19.34375,
            23.765625,
            15.671875,
            14.7421875,
            12.9765625,
            23.2734375,
            30.3828125
        ],
        [
            2.0337053574621677,
            0.509872566908598,
            0.3782091662287712,
            0.5214996635913849,
            0.4542125388979912,
            0.8298354223370552,
            0.40570739656686783,
            0.7493332959711552,
            0.8921627886593342,
            0.42562466114759445,
            0.28062378987669945,
            1.2141680344939232,
            0.43270690366625786,
            0.6121243350207806,
            0.9977919980883598,
            0.3843754529953003,
            0.33145491033792496,
            0.28599798679351807,
            0.5881651304662228,
            0.7822075858712196
        ]
    ],
    "zero-CoT-test.py": [
        152,
        6.608695652173913,
        [
            5,
            9,
            5,
            9,
            5,
            10,
            8,
            9,
            9,
            9,
            6,
            8,
            9,
            10,
            15,
            5,
            5,
            2,
            9,
            5
        ],
        [
            42.4140625,
            39.390625,
            31.578125,
            38.5546875,
            44.8203125,
            41.515625,
            25.953125,
            32.4921875,
            40.9921875,
            31.90625,
            23.625,
            61.34375,
            28.6875,
            32.8984375,
            40.1171875,
            30.1953125,
            26.3046875,
            15.1015625,
            35.34375,
            44.8125
        ],
        [
            40018.84612534195,
            40014.94254078716,
            40012.23467104137,
            40018.15470587462,
            40019.03154421598,
            40011.18104392663,
            40015.45354211703,
            40015.786584466696,
            40018.62166495994,
            40022.06204039976,
            40018.584500066936,
            40012.63337396085,
            40022.98095822334,
            40018.53795722127,
            40021.6358746402,
            40017.40538002923,
            40017.79366424307,
            0.4317513667047024,
            40019.81462538242,
            40021.365793887526
        ]
    ],
    "LTM-test.py": [
        144,
        6.545454545454546,
        [
            6,
            9,
            4,
            7,
            4,
            10,
            9,
            10,
            9,
            9,
            4,
            7,
            8,
            10,
            14,
            4,
            4,
            3,
            9,
            4
        ],
        [
            34.6240234375,
            30.5615234375,
            23.0146484375,
            30.8505859375,
            31.3505859375,
            33.9677734375,
            21.7880859375,
            29.7021484375,
            34.1708984375,
            24.1865234375,
            16.6943359375,
            51.4208984375,
            23.3349609375,
            25.8896484375,
            30.9365234375,
            18.7177734375,
            17.6083984375,
            14.3115234375,
            26.7255859375,
            32.3349609375
        ],
        [
            30021.78696030751,
            20010.758710559458,
            10005.094834137708,
            30016.380499582738,
            10005.89649938047,
            30018.260416109115,
            20011.91983371973,
            30017.063667532057,
            30018.37758300826,
            30017.888207919896,
            10004.176914691925,
            30018.537629395723,
            20010.749417357147,
            30020.335582084954,
            30014.859666116536,
            10003.6844573915,
            10005.199459847063,
            0.2476670779287815,
            20008.00504302606,
            10004.83562424779
        ]
    ],
    "SP-test.py": [
        200,
        8.695652173913043,
        [
            7,
            10,
            7,
            10,
            8,
            12,
            12,
            12,
            10,
            11,
            7,
            10,
            11,
            12,
            18,
            8,
            7,
            8,
            12,
            8
        ],
        [
            40.310546875,
            38.466796875,
            29.755859375,
            37.623046875,
            38.365234375,
            44.083984375,
            27.513671875,
            37.482421875,
            43.333984375,
            27.013671875,
            21.568359375,
            62.271484375,
            29.162109375,
            33.169921875,
            38.076171875,
            23.482421875,
            22.630859375,
            20.4794921875,
            35.037109375,
            40.630859375
        ],
        [
            0.9431270882487297,
            10004.283043555915,
            0.4830826073884964,
            10005.438580177724,
            0.5309158004820347,
            10005.31591521576,
            10003.404414281249,
            10002.384665422142,
            10004.737752024084,
            0.5026659928262234,
            0.32104412093758583,
            10004.369458649307,
            10004.590082913637,
            10004.185166209936,
            10003.218750003725,
            0.4304959438741207,
            0.3777462989091873,
            0.3357944078743458,
            10004.456873051822,
            0.8113766089081764
        ]
    ],