{
    "Pers-test.py": [
        399,
        15.346153846153847,
        [
            2,
            27,
            13,
            23,
            17,
            27,
            23,
            25,
            27,
            12,
            1,
            27,
            12,
            26,
            23,
            23,
            26,
            23,
            17,
            25
        ],
        [
            47.541015625,
            37.8359375,
            39.046875,
            37.9765625,
            41.46484375,
            28.3359375,
            38.9765625,
            37.5576171875,
            45.34375,
            24.90625,
            18.0546875,
            67.2783203125,
            19.2109375,
            21.2265625,
            24.9765625,
            30.5546875,
            24.78125,
            19.875,
            24.9921875,
            21.0625
        ],
        [
            1.623084768652916,
            0.7305429317057133,
            1.46445631980896,
            1.411418430507183,
            0.5039209499955177,
            0.4920009523630142,
            0.8912091143429279,
            0.5466258153319359,
            1.456206664443016,
            0.3515412099659443,
            0.23166555911302567,
            1.3427473604679108,
            0.3272048197686672,
            0.4205000586807728,
            0.48103975132107735,
            0.7257484830915928,
            0.5665426142513752,
            0.4264586605131626,
            0.43079350143671036,
            0.4978729411959648
        ]
    ],
    "CoT-test.py": [
        439,
        16.884615384615383,
        [
            3,
            27,
            18,
            20,
            16,
            27,
            27,
            27,
            27,
            19,
            6,
            27,
            17,
            27,
            25,
            27,
            27,
            24,
            21,
            27
        ],
        [
            85.234375,
            374.1728515625,
            385.4931640625,
            385.8134765625,
            372.283203125,
            38.78125,
            378.7666015625,
            390.19140625,
            389.2978515625,
            34.4140625,
            352.9072265625,
            399.001953125,
            354.7822265625,
            357.2197265625,
            361.5322265625,
            368.6259765625,
            361.6806640625,
            356.5634765625,
            361.8134765625,
            360.1572265625
        ],
        [
            4.173874855041504,
            7.275503594428301,
            11.969793122261763,
            17.748831771314144,
            5.622413940727711,
            0.5659614689648151,
            9.191293735057116,
            5.68762794137001,
            11.534453369677067,
            0.5635046400129795,
            5.885920021682978,
            8.758002426475286,
            5.511289928108454,
            5.872625391930342,
            5.90645894408226,
            6.770503241568804,
            6.794877350330353,
            6.2865810468792915,
            6.011538207530975,
            7.184584159404039
        ]
    ],
    "zero-CoT-test.py": [
        396,
        15.23076923076923,
        [
            1,
            27,
            15,
            21,
            18,
            27,
            25,
            26,
            27,
            12,
            2,
            27,
            13,
            27,
            18,
            27,
            24,
            21,
            14,
            24
        ],
        [
            58.3349609375,
            27.3134765625,
            29.0087890625,
            25.6650390625,
            32.654296875,
            20.2431640625,
            26.9384765625,
            34.86328125,
            32.4697265625,
            15.4462890625,
            11.421875,
            47.0048828125,
            11.8837890625,
            12.5556640625,
            14.8525390625,
            18.0634765625,
            14.8759765625,
            11.7353515625,
            16.0400390625,
            12.9775390625
        ],
        [
            3.111626487225294,
            0.6451243534684181,
            1.384415663778782,
            1.666040625423193,
            0.5339602939784527,
            0.4318300634622574,
            0.8875802159309387,
            0.5387892015278339,
            1.32291903719306,
            0.3797919489443302,
            0.2617104910314083,
            1.2314529158174992,
            0.3564986400306225,
            0.4478353075683117,
            0.5255821160972118,
            0.6810808554291725,
            0.6200424395501614,
            0.47099776566028595,
            0.5015423521399498,
            0.5583735182881355
        ]
    ],
    "LTM-test.py": [
        393,
        15.115384615384615,
        [
            1,
            27,
            20,
            14,
            13,
            27,
            23,
            24,
            27,
            19,
            2,
            27,
            12,
            27,
            20,
            23,
            26,
            21,
            16,
            24
        ],
        [
            82.3125,
            44.90625,
            55.671875,
            57.8359375,
            43.0078125,
            36.75,
            50.640625,
            60.2060546875,
            63.4765625,
            32.2109375,
            25.8203125,
            73.375,
            26.421875,
            28.7578125,
            31.96875,
            39.296875,
            32.6015625,
            27.7578125,
            33.1484375,
            30.7421875
        ],
        [
            4.45020804181695,
            1.0542916133999825,
            2.521914429962635,
            3.9838757365942,
            0.7836655713617802,
            0.44783251360058784,
            2.058542799204588,
            0.8891257457435131,
            3.129586111754179,
            0.4598349332809448,
            0.2802046947181225,
            3.054545260965824,
            0.45316293835639954,
            0.7042079232633114,
            0.8542947471141815,
            1.5780837275087833,
            1.0613342747092247,
            0.6903735920786858,
            0.6041247397661209,
            0.9520850144326687
        ]
    ],
    "SP-test.py": [
        418,
        16.076923076923077,
        [
            3,
            27,
            20,
            17,
            17,
            27,
            27,
            26,
            27,
            18,
            1,
            27,
            17,
            25,
            22,
            27,
            27,
            21,
            15,
            27
        ],
        [
            50.623046875,
            40.990234375,
            46.568359375,
            46.466796875,
            37.169921875,
            31.474609375,
            40.380859375,
            51.255859375,
            49.333984375,
            27.794921875,
            19.25,
            50.935546875,
            23.123046875,
            24.427734375,
            28.044921875,
            33.396484375,
            28.615234375,
            25.130859375,
            28.646484375,
            27.005859375
        ],
        [
            1.5505850315093994,
            0.8336636237800121,
            1.9406662322580814,
            3.0207443051040173,
            0.6031664088368416,
            0.4317061975598335,
            1.3235444203019142,
            0.6754584610462189,
            2.169203944504261,
            0.4540439695119858,
            0.2917507663369179,
            1.7988733015954494,
            0.4247501492500305,
            0.5952939391136169,
            0.6294581107795238,
            1.0202117264270782,
            1.2685400433838367,
            0.6099571473896503,
            0.5347952246665955,
            0.7777069695293903
        ]
    ],