{
    "Pers-test.py": [
        10,
        1.1111111111111112,
        [
            0,
            0,
            0,
            0,
            0,
            0,
            0,
            0,
            0,
            0,
            0,
            0,
            0,
            0,
            0,
            10,
            0,
            0,
            0,
            0
        ],
        [
            7.2734375,
            6.015625,
            5.703125,
            5.390625,
            4.921875,
            4.609375,
            4.296875,
            3.984375,
            3.828125,
            13.921875,
            2.890625,
            19.09375,
            2.109375,
            1.796875,
            1.71875,
            1.71875,
            1.71875,
            1.71875,
            1.71875,
            1.71875
        ],
        [
            0.9294161573052406,
            0.5865837447345257,
            0.2505830489099026,
            0.5978746339678764,
            0.5080397240817547,
            0.28462475165724754,
            0.3723734989762306,
            0.4566255956888199,
            2.1771248430013657,
            333.65787379443645,
            0.1558316871523857,
            1330.3250395692885,
            0.27462560683488846,
            0.18275156617164612,
            0.21216925233602524,
            0.22712629288434982,
            0.24783331900835037,
            0.2306685782968998,
            1.283956691622734,
            0.221125315874815
        ]
    ],
    "CoT-test.py": [
        24,
        2.6666666666666665,
        [
            1,
            0,
            1,
            0,
            0,
            1,
            1,
            4,
            0,
            1,
            0,
            0,
            0,
            1,
            1,
            10,
            1,
            1,
            1,
            0
        ],
        [
            7.1796875,
            6.1171875,
            5.75,
            5.4140625,
            4.96875,
            4.65625,
            4.3203125,
            4.0625,
            3.921875,
            3.796875,
            2.9140625,
            2.6328125,
            2.1328125,
            1.84375,
            1.7421875,
            1.7421875,
            1.6953125,
            1.7421875,
            1.7421875,
            1.7421875
        ],
        [
            0.4815831780433655,
            0.4171673208475113,
            0.18008193001151085,
            0.2834177576005459,
            0.27937721461057663,
            0.21233363077044487,
            0.26174914091825485,
            0.3365012817084789,
            2.3986664600670338,
            128.12470877543092,
            0.13249926269054413,
            529.482873622328,
            0.20949775353074074,
            0.128917396068573,
            0.14908472076058388,
            0.16899919137358665,
            0.18299976363778114,
            0.24370895698666573,
            0.5647917278110981,
            0.12308405712246895
        ]
    ],
    "zero-CoT-test.py": [
        33,
        3.6666666666666665,
        [
            0,
            2,
            0,
            0,
            2,
            0,
            0,
            3,
            2,
            0,
            0,
            0,
            2,
            0,
            5,
            7,
            0,
            5,
            5,
            0
        ],
        [
            7.3828125,
            6.015625,
            5.703125,
            5.390625,
            4.921875,
            4.5625,
            4.296875,
            4.0390625,
            3.828125,
            6.4921875,
            2.890625,
            19.1796875,
            2.109375,
            1.75,
            1.71875,
            1.671875,
            1.6015625,
            1.71875,
            1.6015625,
            1.6015625
        ],
        [
            0.5392506718635559,
            0.2781245857477188,
            0.11266861110925674,
            0.15529058873653412,
            0.15074945986270905,
            0.1260414719581604,
            0.1559155061841011,
            0.1695011742413044,
            0.9995806030929089,
            59.329457115381956,
            0.08775107562541962,
            251.23608531430364,
            0.2383347600698471,
            0.15891576185822487,
            0.15816837549209595,
            0.18687406554818153,
            0.20591728389263153,
            0.13529183343052864,
            0.2892506308853626,
            0.10108109563589096
        ]
    ],
    "LTM-test.py": [
        50,
        5.555555555555555,
        [
            2,
            2,
            2,
            2,
            2,
            2,
            2,
            4,
            2,
            2,
            3,
            2,
            2,
            2,
            2,
            9,
            2,
            2,
            2,
            2
        ],
        [
            9.58203125,
            8.56640625,
            7.87890625,
            7.56640625,
            7.34765625,
            6.78515625,
            6.47265625,
            6.16015625,
            6.31640625,
            8.64453125,
            5.06640625,
            21.20703125,
            4.78515625,
            3.97265625,
            3.89453125,
            3.89453125,
            4.47265625,
            3.89453125,
            4.00390625,
            3.89453125
        ],
        [
            0.5467887967824936,
            0.3323350101709366,
            0.16179168596863747,
            0.32962439581751823,
            0.3820834681391716,
            0.28849998489022255,
            0.2336236648261547,
            0.3165006637573242,
            1.5110820531845093,
            175.38862628862262,
            0.12337695807218552,
            790.9165001474321,
            0.22399751469492912,
            0.15603983774781227,
            0.24308310821652412,
            0.1758737489581108,
            0.20041735842823982,
            0.18941564485430717,
            0.5947914905846119,
            0.23283250629901886
        ]
    ],
    "SP-test.py": [
        16,
        1.7777777777777777,
        [
            0,
            0,
            0,
            0,
            0,
            0,
            0,
            6,
            0,
            0,
            0,
            0,
            0,
            0,
            0,
            10,
            0,
            0,
            0,
            0
        ],
        [
            7.1796875,
            6.0625,
            5.75,
            5.4375,
            4.96875,
            4.65625,
            4.34375,
            4.03125,
            3.921875,
            3.796875,
            2.9375,
            2.671875,
            2.15625,
            1.84375,
            1.765625,
            1.765625,
            1.671875,
            1.765625,
            1.765625,
            1.765625
        ],
        [
            0.37816958501935005,
            0.3987927921116352,
            0.13657938688993454,
            0.3919149748980999,
            0.23037567734718323,
            0.20866701379418373,
            0.196708831936121,
            0.2371668815612793,
            1.4911233447492123,
            104.16271211579442,
            0.11387700214982033,
            437.38720985129476,
            0.18283259123563766,
            0.10150158777832985,
            0.12600049376487732,
            0.13441918417811394,
            0.1384606584906578,
            0.13174954801797867,
            0.42074965313076973,
            0.11258479207754135
        ]
    ],