{
    "Pers-test.py": [
        108,
        12.0,
        [
            4,
            3,
            8,
            3,
            9,
            5,
            3,
            6,
            3,
            5,
            10,
            5,
            4,
            10,
            4,
            10,
            5,
            3,
            3,
            5
        ],
        [
            8.2841796875,
            8.0732421875,
            6.9638671875,
            8.0224609375,
            5.9482421875,
            5.6044921875,
            4.9814453125,
            10.166015625,
            3.8994140625,
            3.9873046875,
            3.8701171875,
            3.9248046875,
            3.4677734375,
            3.1513671875,
            2.3974609375,
            2.6005859375,
            2.3115234375,
            2.4169921875,
            2.4951171875,
            2.5263671875
        ],
        [
            0.35125110298395157,
            0.3419979475438595,
            0.27383118867874146,
            0.7660831324756145,
            0.2145855687558651,
            0.2725403755903244,
            0.0689174048602581,
            0.05333172157406807,
            0.0487486831843853,
            0.09245751425623894,
            0.2153324894607067,
            0.930542591959238,
            0.3200420178472996,
            0.2926252782344818,
            0.14154333621263504,
            0.16616564244031906,
            0.14475034549832344,
            0.1109149307012558,
            0.15012547373771667,
            0.20533427596092224
        ]
    ],
    "CoT-test.py": [
        103,
        11.444444444444445,
        [
            3,
            2,
            4,
            1,
            8,
            4,
            2,
            6,
            0,
            7,
            10,
            7,
            7,
            10,
            3,
            10,
            7,
            3,
            2,
            7
        ],
        [
            7.7041015625,
            7.7109375,
            6.9228515625,
            7.4658203125,
            5.9072265625,
            5.609375,
            4.875,
            10.61328125,
            3.6875,
            3.9697265625,
            3.7353515625,
            3.8369140625,
            3.33203125,
            2.9931640625,
            2.3095703125,
            2.53515625,
            2.3095703125,
            2.3427734375,
            2.515625,
            2.5478515625
        ],
        [
            0.28091808781027794,
            0.2293335273861885,
            0.18395762890577316,
            0.40425173938274384,
            0.16750115901231766,
            0.1923767849802971,
            0.07325131446123123,
            0.0576656311750412,
            0.06304075941443443,
            0.0890856608748436,
            0.1642904244363308,
            0.6563356146216393,
            0.23237662389874458,
            0.18345797434449196,
            0.12137554585933685,
            0.13466784730553627,
            0.12050289660692215,
            0.09479094296693802,
            0.1264982856810093,
            0.15716766938567162
        ]
    ],
    "zero-CoT-test.py": [
        126,
        14.0,
        [
            5,
            5,
            7,
            4,
            9,
            6,
            4,
            2,
            5,
            7,
            10,
            7,
            6,
            10,
            5,
            10,
            7,
            5,
            5,
            7
        ],
        [
            7.33203125,
            6.8720703125,
            6.12890625,
            6.1640625,
            5.30078125,
            4.8955078125,
            4.408203125,
            5.87890625,
            3.6787109375,
            3.51953125,
            3.19921875,
            2.89453125,
            2.4384765625,
            2.12890625,
            1.9375,
            2.0556640625,
            1.9375,
            1.9892578125,
            1.9892578125,
            2.02734375
        ],
        [
            0.30012428760528564,
            0.29950356110930443,
            0.2422509714961052,
            0.5337079055607319,
            0.18054433166980743,
            0.2281665802001953,
            0.08350051939487457,
            0.0405418686568737,
            0.06441771984100342,
            0.11095963418483734,
            0.19683456048369408,
            0.4311259835958481,
            0.26179244741797447,
            0.25062449276447296,
            0.1523350365459919,
            0.1723766326904297,
            0.15008263289928436,
            0.12170989066362381,
            0.16104476526379585,
            0.18825335428118706
        ]
    ],
    "LTM-test.py": [
        109,
        12.11111111111111,
        [
            3,
            3,
            5,
            2,
            9,
            4,
            2,
            4,
            3,
            7,
            9,
            7,
            8,
            10,
            3,
            10,
            7,
            3,
            3,
            7
        ],
        [
            7.5556640625,
            6.9365234375,
            6.1025390625,
            6.5830078125,
            5.2978515625,
            4.9638671875,
            4.5390625,
            7.875,
            3.505859375,
            3.5205078125,
            3.1494140625,
            2.8603515625,
            2.3916015625,
            2.076171875,
            1.8896484375,
            2.0595703125,
            1.8896484375,
            1.990234375,
            2.0185546875,
            2.0478515625
        ],
        [
            0.2875388599932194,
            0.2850028686225414,
            0.20862556993961334,
            0.554247759282589,
            0.16874819993972778,
            0.23470958694815636,
            0.08162623271346092,
            0.04729442298412323,
            0.05629286170005798,
            0.1033339649438858,
            0.18304260447621346,
            0.4061260260641575,
            0.24595856666564941,
            0.23716827854514122,
            0.1338333822786808,
            0.15349779278039932,
            0.1281658187508583,
            0.10958081111311913,
            0.14454452320933342,
            0.16054324805736542
        ]
    ],
    "SP-test.py": [
        119,
        13.222222222222221,
        [
            3,
            4,
            4,
            3,
            10,
            4,
            3,
            5,
            2,
            8,
            10,
            8,
            9,
            10,
            2,
            10,
            8,
            5,
            3,
            8
        ],
        [
            7.4326171875,
            7.708984375,
            6.900390625,
            7.3583984375,
            5.8623046875,
            5.537109375,
            4.8330078125,
            9.12109375,
            3.794921875,
            3.9248046875,
            3.7138671875,
            3.8388671875,
            3.306640625,
            2.9482421875,
            2.310546875,
            2.556640625,
            2.310546875,
            2.3173828125,
            2.4443359375,
            2.5263671875
        ],
        [
            0.2748747356235981,
            0.24262629449367523,
            0.19508227705955505,
            0.4340014420449734,
            0.15774928033351898,
            0.19504083320498466,
            0.08337525650858879,
            0.04895729944109917,
            0.060164835304021835,
            0.09804032742977142,
            0.1660832203924656,
            0.3232918679714203,
            0.21145958453416824,
            0.2076234668493271,
            0.1272084191441536,
            0.15162304043769836,
            0.12816768139600754,
            0.12562377378344536,
            0.13745669275522232,
            0.15737581998109818
        ]
    ],