{
    "Pers-test.py": [
        38,
        4.222222222222222,
        [
            1,
            1,
            1,
            1,
            1,
            1,
            1,
            1,
            1,
            10,
            1,
            10,
            1,
            1,
            1,
            1,
            1,
            1,
            1,
            1
        ],
        [
            7.1171875,
            7.6484375,
            6.6875,
            6.65625,
            6.3125,
            6.15625,
            5.28125,
            4.96875,
            4.6875,
            26.7421875,
            3.875,
            50.2578125,
            3.1328125,
            2.78125,
            2.703125,
            2.984375,
            2.9921875,
            2.6796875,
            2.9609375,
            2.6796875
        ],
        [
            0.24899933487176895,
            0.1826249063014984,
            0.09729154407978058,
            0.07604202255606651,
            0.11937599629163742,
            0.14474941417574883,
            0.02687564119696617,
            0.03645569086074829,
            473.2190021313727,
            90063.58970655128,
            0.06312550976872444,
            90055.19149731845,
            0.053919386118650436,
            0.12995582073926926,
            0.06912602111697197,
            0.13425247743725777,
            0.02937670797109604,
            0.028252601623535156,
            0.15720631927251816,
            0.09545683860778809
        ]
    ],
    "CoT-test.py": [
        44,
        4.888888888888889,
        [
            6,
            0,
            6,
            4,
            0,
            0,
            0,
            0,
            0,
            5,
            0,
            5,
            0,
            6,
            0,
            6,
            0,
            0,
            6,
            0
        ],
        [
            6.09375,
            6.390625,
            5.828125,
            10.34375,
            5.015625,
            4.984375,
            4.296875,
            3.984375,
            3.515625,
            10575.66796875,
            2.796875,
            10706.55078125,
            1.9921875,
            1.859375,
            1.5546875,
            1.8203125,
            1.578125,
            1.71875,
            1.96875,
            1.5546875
        ],
        [
            0.11541787534952164,
            0.09691668674349785,
            0.04770886152982712,
            40021.292915567756,
            0.0662514939904213,
            0.07029389962553978,
            0.011665280908346176,
            0.021208543330430984,
            883.3705810829997,
            53213.44300173223,
            0.037375837564468384,
            53299.51529297978,
            0.03029312938451767,
            0.058416277170181274,
            0.031165778636932373,
            0.055252108722925186,
            0.013082288205623627,
            0.015373807400465012,
            0.06778957322239876,
            0.04287483170628548
        ]
    ],
    "zero-CoT-test.py": [
        20,
        2.2222222222222223,
        [
            0,
            0,
            0,
            0,
            0,
            0,
            0,
            0,
            0,
            10,
            0,
            10,
            0,
            0,
            0,
            0,
            0,
            0,
            0,
            0
        ],
        [
            6.09375,
            6.640625,
            5.703125,
            5.703125,
            5.234375,
            5.234375,
            4.296875,
            3.984375,
            3.515625,
            27.5703125,
            2.890625,
            56.3203125,
            1.875,
            1.796875,
            1.71875,
            2.03125,
            1.71875,
            1.71875,
            2.03125,
            1.71875
        ],
        [
            0.2837064675986767,
            0.21804030984640121,
            0.11671055108308792,
            0.08987635374069214,
            0.14633312821388245,
            0.18258439376950264,
            0.028374604880809784,
            0.033206772059202194,
            455.63253853470087,
            100057.77341825888,
            0.06774719804525375,
            100055.75145874172,
            0.05779322236776352,
            0.14395685866475105,
            0.08874945342540741,
            0.154164619743824,
            0.028081238269805908,
            0.02800021320581436,
            0.18662307411432266,
            0.11629145592451096
        ]
    ],
    "LTM-test.py": [
        46,
        5.111111111111111,
        [
            5,
            0,
            5,
            1,
            0,
            0,
            0,
            2,
            2,
            5,
            2,
            5,
            2,
            5,
            0,
            5,
            0,
            2,
            5,
            0
        ],
        [
            6.09375,
            6.578125,
            5.953125,
            6.7734375,
            5.1796875,
            5.171875,
            4.296875,
            4.296875,
            3.515625,
            3486.8515625,
            2.8203125,
            3535.703125,
            1.9921875,
            1.875,
            1.6015625,
            1.875,
            1.578125,
            1.6953125,
            2.078125,
            1.6015625
        ],
        [
            0.13412488624453545,
            0.11008325964212418,
            0.05887448787689209,
            10004.820874892175,
            0.06816443055868149,
            0.08104182779788971,
            0.01445738598704338,
            0.06995862349867821,
            906.1881229281425,
            54364.87424792722,
            0.05179364234209061,
            54528.75503897667,
            0.046082306653261185,
            0.06474973633885384,
            0.033499207347631454,
            0.06854115054011345,
            0.01483457162976265,
            0.01854216679930687,
            0.08570728823542595,
            0.04633190110325813
        ]
    ],
    "SP-test.py": [
        55,
        6.111111111111111,
        [
            4,
            2,
            4,
            3,
            1,
            2,
            1,
            1,
            1,
            9,
            1,
            9,
            1,
            4,
            1,
            4,
            1,
            1,
            4,
            1
        ],
        [
            7.1171875,
            7.4609375,
            6.7265625,
            8.9921875,
            6.203125,
            5.96875,
            5.2578125,
            4.96875,
            4.6875,
            3688.41796875,
            3.8046875,
            3762.37890625,
            3.15625,
            2.7421875,
            2.6328125,
            2.890625,
            2.9453125,
            2.703125,
            2.953125,
            2.609375
        ],
        [
            0.19174767658114433,
            0.1321672461926937,
            0.07874984294176102,
            20014.8491631262,
            0.08958438411355019,
            0.10216375812888145,
            0.021292362362146378,
            0.033332500606775284,
            554.7667085193098,
            80555.54883275181,
            0.04841899499297142,
            80554.47299825028,
            0.04462478682398796,
            0.08720997720956802,
            0.055456534028053284,
            0.09662425145506859,
            0.024209730327129364,
            0.03537256270647049,
            0.10504201054573059,
            0.06916606798768044
        ]
    ],